,SNP,effect_allele,other_allele,pval,beta,se,eaf
1,rs10083762,C,G,0.287969,0.0120711,0.0113601,0.286732
2,rs10085881,T,C,0.874801,-0.00177647,0.0112746,0.294311
3,rs1038165,C,T,0.383448,0.00903156,0.0103625,0.574035
4,rs10454087,C,T,0.682488,0.00489446,0.0119648,0.241771
5,rs1047891,C,A,0.205681,0.013891,0.0109764,0.320889
6,rs10766281,A,G,0.714593,0.00416959,0.0114019,0.276713
7,rs10822145,C,T,0.0820182,0.0178251,0.0102497,0.483683
8,rs10859995,T,C,0.364634,0.00980064,0.0108107,0.662333
9,rs11076175,A,G,0.203843,0.0172808,0.0135997,0.172824
10,rs11182428,T,C,0.111513,0.0163382,0.0102664,0.478388
11,rs111978466,C,T,0.300531,0.0316365,0.0305579,0.0291405
12,rs11249525,C,T,0.207842,-0.0130248,0.010341,0.567387
13,rs11542462,G,A,0.39065,0.0152781,0.0177975,0.0941354
14,rs11606,C,G,0.0478366,0.021284,0.0107559,0.364314
15,rs116970203,G,A,0.584984,-0.0204842,0.0375087,0.0202355
16,rs12056768,T,G,0.0314543,0.0221134,0.0102792,0.524548
17,rs12123821,C,T,0.110065,0.0420519,0.0263169,0.0392235
18,rs12317268,A,G,0.486402,0.00794977,0.0114214,0.279707
19,rs1260326,T,C,0.00351755,-0.0312848,0.0107196,0.650124
20,rs12949853,G,A,0.554517,-0.00803363,0.0135932,0.82337
21,rs13011615,A,T,0.590661,0.00793013,0.0147433,0.139123
22,rs13284054,T,C,0.475283,0.0118806,0.0166415,0.111205
23,rs1352846,A,G,0.0807309,-0.0220333,0.012616,0.210122
24,rs142004400,A,C,0.130449,-0.0557088,0.0368363,0.0202468
25,rs142158911,G,A,0.37503,0.0149496,0.0168524,0.101749
26,rs143069752,T,A,0.487607,0.0152577,0.0219813,0.0592877
27,rs1532085,A,G,0.0295631,0.0225673,0.0103715,0.577153
28,rs1660818,G,A,0.354663,-0.0105474,0.0113954,0.289345
29,rs1800588,C,T,0.00780082,0.0312646,0.0117511,0.248438
30,rs1858889,A,C,0.653167,-0.00461773,0.010276,0.460082
31,rs189407772,A,G,0.216425,-0.0884516,0.0715575,0.00541254
32,rs1966478,T,C,0.087265,0.0187259,0.0109508,0.677969
33,rs2012736,C,A,0.170931,-0.026888,0.0196375,0.074656
34,rs2037511,G,A,0.849705,-0.00263656,0.0139136,0.160545
35,rs2074735,G,C,0.281666,0.0158171,0.014692,0.141822
36,rs212100,T,C,0.387689,-0.0123284,0.014272,0.84962
37,rs2123930,G,A,0.241862,-0.0128558,0.0109847,0.317537
38,rs2131925,G,T,0.382983,-0.0101607,0.0116467,0.735403
39,rs2207132,G,A,0.403009,-0.0173956,0.0208017,0.065339
40,rs2229742,G,C,0.336898,-0.0157926,0.0164453,0.11212
41,rs2246832,A,T,0.000530188,0.0369975,0.0106774,0.362469
42,rs2248551,G,A,0.705518,-0.00473535,0.0125313,0.211279
43,rs2276360,G,C,0.191347,-0.0137052,0.0104891,0.608779
44,rs2346264,A,C,0.0275068,-0.0311512,0.0141323,0.844108
45,rs2642439,A,G,0.0680973,-0.0207869,0.0113941,0.712134
46,rs2659007,G,A,0.00284354,0.0307576,0.0103069,0.443546
47,rs2756119,G,A,0.442537,0.00812805,0.0105846,0.382157
48,rs28407950,C,T,0.115521,-0.0171622,0.0109046,0.3366
49,rs2847500,G,A,0.410663,-0.0119777,0.0145585,0.148362
50,rs293435,C,T,0.833802,-0.0021948,0.01046,0.407686
51,rs2952289,C,T,0.350092,0.0125243,0.0134034,0.821372
52,rs33981819,T,G,0.10733,-0.0164977,0.0102451,0.508678
53,rs34284484,T,G,0.013038,-0.0286481,0.011539,0.268475
54,rs34726834,C,T,0.37151,0.0100123,0.0112038,0.29557
55,rs34993776,C,T,0.591195,-0.00612253,0.0113991,0.284027
56,rs35408430,C,T,0.634555,0.00507158,0.0106697,0.368125
57,rs36037728,C,T,0.665839,-0.0163888,0.0379487,0.019188
58,rs3745669,T,C,0.610972,-0.0055223,0.010856,0.33576
59,rs3814995,C,T,0.313559,-0.0108881,0.010804,0.362844
60,rs3890624,A,G,0.488942,0.00751104,0.0108542,0.350799
61,rs4121823,T,A,0.102419,0.0229569,0.0140561,0.837804
62,rs41301394,C,T,0.949332,-0.000667552,0.0105052,0.386273
63,rs429358,T,C,1.86E-05,-0.0576601,0.0134702,0.182495
64,rs4364259,G,A,0.368401,0.0112271,0.0124819,0.221189
65,rs4418728,G,T,0.651034,0.00463446,0.0102459,0.469051
66,rs4616820,C,T,0.861568,-0.00179753,0.0103082,0.442842
67,rs512083,T,C,0.678403,0.00425759,0.0102681,0.487795
68,rs55707527,G,T,0.0542026,0.02385,0.0123883,0.219091
69,rs57459725,C,G,0.705149,0.00512632,0.0135481,0.17166
70,rs575976,A,G,0.671229,0.00471807,0.0111155,0.304551
71,rs5771043,G,A,0.121214,0.0161568,0.0104258,0.403798
72,rs58387006,A,C,0.875128,-0.00191314,0.0121741,0.231273
73,rs6003465,T,C,0.529024,0.00724964,0.0115166,0.272002
74,rs61816766,T,C,0.142705,0.0881365,0.0601289,0.00790771
75,rs62007299,G,A,0.761407,0.00332029,0.0109352,0.676277
76,rs62012775,A,T,0.149957,0.0174289,0.0121061,0.233934
77,rs62115743,C,T,0.19873,0.0218917,0.017034,0.100007
78,rs62318873,C,T,0.461616,0.0202278,0.0274764,0.0371187
79,rs6438900,C,G,0.991167,0.000123512,0.0111562,0.305578
80,rs6547409,C,T,0.0826247,-0.0333406,0.0192093,0.0769706
81,rs6671730,G,A,0.734027,-0.00348346,0.0102523,0.487049
82,rs6672758,C,T,0.192569,-0.0152727,0.011721,0.741474
83,rs6724965,A,G,0.0223146,-0.0285086,0.0124766,0.212534
84,rs6782190,G,A,0.479485,0.00816259,0.0115432,0.72759
85,rs6834488,C,T,0.202187,0.013997,0.0109751,0.326386
86,rs700065,G,T,0.431689,0.0106714,0.0135715,0.830045
87,rs7128011,G,A,0.857022,0.00192633,0.0106919,0.352969
88,rs71297391,C,T,0.0869561,0.0473316,0.0276521,0.035952
89,rs727857,G,A,0.328002,-0.010066,0.0102909,0.538325
90,rs72834856,T,G,0.0334303,-0.045021,0.0211676,0.0633693
91,rs73413596,T,C,0.547946,0.0132802,0.0221028,0.0585247
92,rs7528419,A,G,0.686885,-0.00503649,0.0124948,0.214942
93,rs7569755,G,A,0.0229975,0.0284994,0.0125356,0.216456
94,rs75765985,G,A,0.0886054,0.062444,0.0366714,0.0205768
95,rs77037130,G,A,0.255555,0.0466957,0.0410706,0.0157201
96,rs77924615,G,A,0.83084,0.00265092,0.0124092,0.223874
97,rs78649910,T,A,0.686779,0.0063358,0.0157126,0.121352
98,rs8018720,G,C,0.572749,0.0081772,0.0144984,0.849682
99,rs80204526,C,A,0.239127,-0.0877225,0.0745198,0.00514987
100,rs804281,A,G,0.218025,0.0137189,0.0111373,0.683178
101,rs8063565,G,C,0.879868,0.00170539,0.0112838,0.708858
102,rs8091117,C,A,0.475409,0.0136177,0.0190802,0.0787965
103,rs8107974,A,T,0.948652,-0.00134612,0.0209027,0.0652753
104,rs8121940,C,G,0.0824404,0.0210961,0.0121472,0.233267
105,rs8123293,A,G,0.456976,0.00985161,0.0132443,0.184605
106,rs9476310,C,T,0.84561,0.0020024,0.0102833,0.551931
107,rs9490317,T,C,0.577451,-0.00572642,0.0102788,0.463356
108,rs964184,G,C,0.959965,0.000730505,0.0145525,0.854639
109,rs9861009,T,C,0.922173,-0.00114721,0.0117425,0.74065
