"","SNP","samplesize.exposure","pos.exposure","beta.exposure","pval.exposure","se.exposure","chr.exposure","id.exposure","effect_allele.exposure","other_allele.exposure","eaf.exposure","exposure","mr_keep.exposure","pval_origin.exposure","data_source.exposure","#chrom","pos","ref","alt","nearest_genes","pval","mlogp","beta","sebeta","af_alt","af_alt_cases","af_alt_controls"
"1","rs10083762",417580,11907210,0.0123284,2.24698e-08,0.00220472,"16","ebi-a-GCST90000616","G","C",0.272684,"Serum 25-Hydroxyvitamin D levels || id:ebi-a-GCST90000616",TRUE,"reported","igd",16,11813353,"C","G","ZC3H7A",0.411056,0.386099,-0.0742452,0.0903187,0.286487,0.270621,0.286503
"2","rs10085881",417580,21577960,-0.0147558,2.16571e-11,0.0022042,"7","ebi-a-GCST90000616","C","T",0.282185,"Serum 25-Hydroxyvitamin D levels || id:ebi-a-GCST90000616",TRUE,"reported","igd",7,21538342,"T","C","DNAH11",0.10995,0.958803,-0.143218,0.0895998,0.293766,0.263916,0.293797
"3","rs1038165",417580,68665940,0.0119457,1.84141e-09,0.00198724,"12","ebi-a-GCST90000616","T","C",0.583349,"Serum 25-Hydroxyvitamin D levels || id:ebi-a-GCST90000616",TRUE,"reported","igd",12,68272160,"C","T","MDM1",0.777301,0.109411,-0.0232628,0.0822479,0.573706,0.569229,0.57371
"4","rs10454087",417580,40735641,-0.0122147,1.89758e-08,0.00217301,"17","ebi-a-GCST90000616","T","C",0.284822,"Serum 25-Hydroxyvitamin D levels || id:ebi-a-GCST90000616",TRUE,"reported","igd",17,42583623,"C","T","FAM134C",0.576022,0.239561,0.0531503,0.0950462,0.242249,0.250825,0.24224
"5","rs1047891",417580,211540507,-0.0135284,1.38092e-10,0.00210789,"2","ebi-a-GCST90000616","A","C",0.315821,"Serum 25-Hydroxyvitamin D levels || id:ebi-a-GCST90000616",TRUE,"reported","igd",2,210675783,"C","A","CPS1",0.542146,0.265884,-0.0530705,0.087062,0.321535,0.314521,0.321542
"6","rs10766281",417580,15728444,0.0154547,7.46449e-12,0.00225666,"11","ebi-a-GCST90000616","G","A",0.255639,"Serum 25-Hydroxyvitamin D levels || id:ebi-a-GCST90000616",TRUE,"reported","igd",11,15706898,"A","G","SOX6",0.1486,0.827981,0.130748,0.0905151,0.275874,0.3053,0.275844
"7","rs10822145",417580,64934548,-0.0121924,5.7136e-10,0.00196711,"10","ebi-a-GCST90000616","T","C",0.475476,"Serum 25-Hydroxyvitamin D levels || id:ebi-a-GCST90000616",TRUE,"reported","igd",10,63174788,"C","T","JMJD1C",0.348074,0.458328,0.0762964,0.0813108,0.484072,0.498104,0.484057
"8","rs10859995",417580,96375682,-0.040203,8.89816e-91,0.00198979,"12","ebi-a-GCST90000616","C","T",0.582634,"Serum 25-Hydroxyvitamin D levels || id:ebi-a-GCST90000616",TRUE,"reported","igd",12,95981904,"T","C","HAL",0.0284682,1.54564,0.18814,0.0858786,0.662938,0.70297,0.662897
"9","rs11076175",417580,57006378,0.0235215,5.098e-20,0.00256731,"16","ebi-a-GCST90000616","G","A",0.178358,"Serum 25-Hydroxyvitamin D levels || id:ebi-a-GCST90000616",TRUE,"reported","igd",16,56972466,"A","G","CETP",0.136188,0.86586,-0.161482,0.108367,0.172435,0.148515,0.17246
"10","rs11182428",417580,38526387,-0.0126371,1.2238e-10,0.0019634,"12","ebi-a-GCST90000616","C","T",0.519995,"Serum 25-Hydroxyvitamin D levels || id:ebi-a-GCST90000616",TRUE,"reported","igd",12,38132585,"T","C","ALG10B",0.755294,0.121884,0.0254413,0.0816297,0.478612,0.484553,0.478606
"11","rs111978466",417580,72580841,0.0722109,4.48023e-21,0.00766512,"4","ebi-a-GCST90000616","T","C",0.016725,"Serum 25-Hydroxyvitamin D levels || id:ebi-a-GCST90000616",TRUE,"reported","igd",4,71715124,"C","T","GC",0.743219,0.128883,0.0801914,0.24479,0.0290589,0.0308225,0.0290571
"12","rs11249525",417580,69946641,-0.0320467,1.09951e-59,0.00196685,"4","ebi-a-GCST90000616","T","C",0.454912,"Serum 25-Hydroxyvitamin D levels || id:ebi-a-GCST90000616",TRUE,"reported","igd",4,69080923,"C","T","UGT2B7",0.933354,0.0299537,-0.00687039,0.0821563,0.567371,0.567747,0.567371
"13","rs11542462",417580,82033810,-0.0231127,8.69761e-16,0.00287329,"16","ebi-a-GCST90000616","A","G",0.134344,"Serum 25-Hydroxyvitamin D levels || id:ebi-a-GCST90000616",TRUE,"reported","igd",16,82000205,"G","A","SDR42E1",0.51682,0.286661,0.0912082,0.140698,0.0940388,0.101035,0.0940315
"14","rs11606",417580,54658102,0.0114025,1.65086e-08,0.00201989,"19","ebi-a-GCST90000616","G","C",0.425162,"Serum 25-Hydroxyvitamin D levels || id:ebi-a-GCST90000616",TRUE,"reported","igd",19,54154365,"C","G","CNOT3",0.163194,0.787295,0.118774,0.085179,0.36379,0.386999,0.363766
"15","rs116970203",417580,14876718,-0.376651,1e-200,0.00602718,"11","ebi-a-GCST90000616","A","G",0.027156,"Serum 25-Hydroxyvitamin D levels || id:ebi-a-GCST90000616",TRUE,"reported","igd",11,14855172,"G","A","PDE3B",0.0498816,1.30206,0.590367,0.301057,0.0200569,0.0296965,0.020047
"16","rs12056768",417580,116988527,-0.0223941,2.75931e-29,0.00199332,"8","ebi-a-GCST90000616","G","T",0.582909,"Serum 25-Hydroxyvitamin D levels || id:ebi-a-GCST90000616",TRUE,"reported","igd",8,115976302,"T","G","TRPS1",0.0979016,1.00921,-0.135366,0.0817867,0.52417,0.489581,0.524206
"17","rs12123821",417580,152179152,0.077327,2.8655e-63,0.00460541,"1","ebi-a-GCST90000616","T","C",0.047527,"Serum 25-Hydroxyvitamin D levels || id:ebi-a-GCST90000616",TRUE,"reported","igd",1,152206676,"C","T","HRNR",0.448584,0.348156,-0.159578,0.210586,0.0392168,0.0330357,0.0392232
"18","rs12317268",417580,21352541,-0.0209962,1.91205e-14,0.0027423,"12","ebi-a-GCST90000616","G","A",0.151004,"Serum 25-Hydroxyvitamin D levels || id:ebi-a-GCST90000616",TRUE,"reported","igd",12,21199607,"A","G","SLCO1B1",0.0617092,1.20965,0.169589,0.090768,0.279728,0.316767,0.279689
"19","rs1260326",417580,27730940,0.0220783,3.46178e-28,0.0020055,"2","ebi-a-GCST90000616","C","T",0.606565,"Serum 25-Hydroxyvitamin D levels || id:ebi-a-GCST90000616",TRUE,"reported","igd",2,27508073,"T","C","GCKR",0.916066,0.0380734,-0.00900766,0.085469,0.650033,0.648476,0.650034
"20","rs12949853",417580,7570878,0.0140575,2.91958e-08,0.00253462,"17","ebi-a-GCST90000616","A","G",0.806744,"Serum 25-Hydroxyvitamin D levels || id:ebi-a-GCST90000616",TRUE,"reported","igd",17,7667560,"G","A","TP53",0.280658,0.551823,0.116296,0.107797,0.822878,0.839597,0.82286
"21","rs13011615",417580,21274167,0.0165882,8.79893e-09,0.0028837,"2","ebi-a-GCST90000616","T","A",0.135027,"Serum 25-Hydroxyvitamin D levels || id:ebi-a-GCST90000616",TRUE,"reported","igd",2,21051295,"A","T","APOB",0.459586,0.337633,-0.0870686,0.117735,0.138733,0.128797,0.138744
"22","rs13284054",417580,107669073,0.0180893,4.59558e-09,0.00308629,"9","ebi-a-GCST90000616","C","T",0.117727,"Serum 25-Hydroxyvitamin D levels || id:ebi-a-GCST90000616",TRUE,"reported","igd",9,104906792,"T","C","ABCA1",0.129357,0.888209,0.200903,0.132466,0.111155,0.127723,0.111138
"23","rs1352846",417580,72617775,-0.193507,1e-200,0.00215738,"4","ebi-a-GCST90000616","G","A",0.291433,"Serum 25-Hydroxyvitamin D levels || id:ebi-a-GCST90000616",TRUE,"reported","igd",4,71752058,"A","G","GC",0.390748,0.408103,0.0859762,0.100175,0.209839,0.222792,0.209825
"24","rs142004400",417580,50829560,-0.0323463,1.83253e-09,0.0053803,"14","ebi-a-GCST90000616","C","A",0.034529,"Serum 25-Hydroxyvitamin D levels || id:ebi-a-GCST90000616",TRUE,"reported","igd",14,50362842,"A","C","CDKL1",0.235746,0.627555,-0.348281,0.293738,0.020227,0.0132013,0.0202342
"25","rs142158911",417580,11190534,0.0262209,2.55035e-17,0.00309738,"19","ebi-a-GCST90000616","A","G",0.114608,"Serum 25-Hydroxyvitamin D levels || id:ebi-a-GCST90000616",TRUE,"reported","igd",19,11079858,"G","A","LDLR",0.245432,0.610068,-0.155045,0.133486,0.101832,0.0891089,0.101845
"26","rs143069752",417580,40962537,0.0216873,3.39117e-08,0.0039289,"6","ebi-a-GCST90000616","A","T",0.067337,"Serum 25-Hydroxyvitamin D levels || id:ebi-a-GCST90000616",TRUE,"reported","igd",6,40994798,"T","A","UNC5CL",0.780518,0.107617,0.0489931,0.175826,0.0595242,0.0605902,0.0595231
"27","rs1532085",417580,58683366,0.0261854,1.24997e-38,0.00201451,"15","ebi-a-GCST90000616","G","A",0.614835,"Serum 25-Hydroxyvitamin D levels || id:ebi-a-GCST90000616",TRUE,"reported","igd",15,58391167,"A","G","ALDH1A2",0.164833,0.782957,0.114333,0.082313,0.577191,0.603896,0.577163
"28","rs1660818",417580,71028249,0.0159158,3.64586e-14,0.00210164,"11","ebi-a-GCST90000616","A","G",0.323181,"Serum 25-Hydroxyvitamin D levels || id:ebi-a-GCST90000616",TRUE,"reported","igd",11,71317203,"G","A","SHANK2",0.74248,0.129315,-0.0297287,0.0904787,0.288806,0.278308,0.288817
"29","rs1800588",417580,58723675,-0.032985,1.66955e-43,0.00238495,"15","ebi-a-GCST90000616","T","C",0.215203,"Serum 25-Hydroxyvitamin D levels || id:ebi-a-GCST90000616",TRUE,"reported","igd",15,58431476,"C","T","ALDH1A2,LIPC",0.0260429,1.58431,-0.208743,0.093793,0.248098,0.211221,0.248136
"30","rs1858889",417580,107117447,0.0111657,1.27659e-08,0.00196262,"7","ebi-a-GCST90000616","C","A",0.501537,"Serum 25-Hydroxyvitamin D levels || id:ebi-a-GCST90000616",TRUE,"reported","igd",7,107477002,"A","C","COG5",0.383241,0.416528,0.0712029,0.0816603,0.459992,0.476678,0.459975
"31","rs189407772",417580,100146674,0.0525376,2.03236e-15,0.00661736,"4","ebi-a-GCST90000616","G","A",0.022694,"Serum 25-Hydroxyvitamin D levels || id:ebi-a-GCST90000616",TRUE,"reported","igd",4,99225517,"A","G","ADH6",0.856508,0.0672685,-0.10394,0.574825,0.00543161,0.00478224,0.00543228
"32","rs1966478",417580,118627319,-0.0121919,1.09227e-08,0.00213304,"5","ebi-a-GCST90000616","C","T",0.692972,"Serum 25-Hydroxyvitamin D levels || id:ebi-a-GCST90000616",TRUE,"reported","igd",5,119291624,"T","C","TNFAIP8",0.454185,0.342767,-0.0651902,0.0870996,0.67812,0.665347,0.678133
"33","rs2012736",417580,234622379,-0.0482016,1.14209e-40,0.00360987,"2","ebi-a-GCST90000616","A","C",0.080814,"Serum 25-Hydroxyvitamin D levels || id:ebi-a-GCST90000616",TRUE,"reported","igd",2,233713733,"C","A","UGT1A10,UGT1A5,UGT1A6,UGT1A7,UGT1A8,UGT1A9",0.850906,0.0701186,0.0295427,0.157173,0.0744586,0.0742574,0.0744588
"34","rs2037511",417580,61366207,0.0173514,4.84619e-11,0.00263876,"18","ebi-a-GCST90000616","A","G",0.166007,"Serum 25-Hydroxyvitamin D levels || id:ebi-a-GCST90000616",TRUE,"reported","igd",18,63698973,"G","A","SERPINB11",0.909429,0.0412314,-0.0125588,0.110398,0.16043,0.160131,0.160431
"35","rs2074735",417580,31535872,0.0274185,7.89223e-12,0.00400826,"22","ebi-a-GCST90000616","C","G",0.064096,"Serum 25-Hydroxyvitamin D levels || id:ebi-a-GCST90000616",TRUE,"reported","igd",22,31139886,"G","C","PLA2G3",0.912116,0.03995,0.0128602,0.116519,0.141932,0.146166,0.141928
"36","rs212100",417580,48376995,-0.0656512,1.38357e-135,0.00264909,"19","ebi-a-GCST90000616","C","T",0.835999,"Serum 25-Hydroxyvitamin D levels || id:ebi-a-GCST90000616",TRUE,"reported","igd",19,47873738,"T","C","SULT2A1",0.118433,0.926528,-0.176827,0.11325,0.849717,0.825193,0.849742
"37","rs2123930",417580,100231033,-0.0142339,9.13692e-11,0.00219639,"15","ebi-a-GCST90000616","A","G",0.279422,"Serum 25-Hydroxyvitamin D levels || id:ebi-a-GCST90000616",TRUE,"reported","igd",15,99690828,"G","A","MEF2A",0.794465,0.0999252,-0.0227299,0.0872492,0.317474,0.316799,0.317474
"38","rs2131925",417580,63025942,-0.0220704,5.83579e-27,0.00205279,"1","ebi-a-GCST90000616","T","G",0.643625,"Serum 25-Hydroxyvitamin D levels || id:ebi-a-GCST90000616",TRUE,"reported","igd",1,62560271,"G","T","DOCK7",0.0514044,1.289,-0.180381,0.0925936,0.735279,0.70297,0.735312
"39","rs2207132",417580,39142516,-0.0371561,1.33721e-11,0.00549277,"20","ebi-a-GCST90000616","A","G",0.03289,"Serum 25-Hydroxyvitamin D levels || id:ebi-a-GCST90000616",TRUE,"reported","igd",20,40513876,"G","A","MAFB",0.610879,0.214045,-0.0835208,0.164146,0.0653472,0.0611596,0.0653515
"40","rs2229742",417580,16339172,-0.0248803,1.11789e-14,0.00322071,"21","ebi-a-GCST90000616","C","G",0.103451,"Serum 25-Hydroxyvitamin D levels || id:ebi-a-GCST90000616",TRUE,"reported","igd",21,14966851,"G","C","NRIP1",0.45955,0.337667,0.0966535,0.130685,0.112036,0.118799,0.112029
"41","rs2246832",417580,49881134,0.0160593,2.84577e-16,0.00196332,"3","ebi-a-GCST90000616","T","A",0.500579,"Serum 25-Hydroxyvitamin D levels || id:ebi-a-GCST90000616",TRUE,"reported","igd",3,49843701,"A","T","TRAIP",0.349002,0.457172,-0.0798329,0.0852436,0.361907,0.338316,0.361931
"42","rs2248551",417580,131924689,-0.0213336,6.66807e-16,0.00264146,"6","ebi-a-GCST90000616","A","G",0.165222,"Serum 25-Hydroxyvitamin D levels || id:ebi-a-GCST90000616",TRUE,"reported","igd",6,131603549,"G","A","MED23",0.403245,0.394431,-0.0831387,0.0994673,0.211169,0.197962,0.211182
"43","rs2276360",417580,71169547,0.110807,1e-200,0.00239502,"11","ebi-a-GCST90000616","C","G",0.787561,"Serum 25-Hydroxyvitamin D levels || id:ebi-a-GCST90000616",TRUE,"reported","igd",11,71458501,"G","C","NADSYN1",0.0578349,1.23781,-0.157977,0.0832798,0.607951,0.569061,0.607992
"44","rs2346264",417580,133536351,-0.0145964,1.16649e-09,0.00239884,"7","ebi-a-GCST90000616","C","A",0.782685,"Serum 25-Hydroxyvitamin D levels || id:ebi-a-GCST90000616",TRUE,"reported","igd",7,133851598,"A","C","EXOC4",0.52442,0.280321,0.0712372,0.111912,0.843581,0.852948,0.843572
"45","rs2642439",417580,220970499,-0.0149512,1.46791e-12,0.00211251,"1","ebi-a-GCST90000616","G","A",0.685074,"Serum 25-Hydroxyvitamin D levels || id:ebi-a-GCST90000616",TRUE,"reported","igd",1,220797157,"A","G","MARC1",0.383713,0.415994,0.078844,0.0905134,0.712198,0.726105,0.712184
"46","rs2659007",417580,79217478,0.0110518,2.79576e-08,0.00198996,"17","ebi-a-GCST90000616","A","G",0.451021,"Serum 25-Hydroxyvitamin D levels || id:ebi-a-GCST90000616",TRUE,"reported","igd",17,81243678,"G","A","SLC38A10",0.819891,0.0862439,-0.0186319,0.0818318,0.443523,0.441979,0.443524
"47","rs2756119",417580,104001517,0.0127471,4.2505e-10,0.00204132,"14","ebi-a-GCST90000616","A","G",0.383223,"Serum 25-Hydroxyvitamin D levels || id:ebi-a-GCST90000616",TRUE,"reported","igd",14,103535180,"G","A","TRMT61A",0.323934,0.489544,-0.0830169,0.0841609,0.382783,0.361742,0.382804
"48","rs28407950",417580,32626348,-0.0139759,9.40611e-10,0.00228396,"6","ebi-a-GCST90000616","T","C",0.244118,"Serum 25-Hydroxyvitamin D levels || id:ebi-a-GCST90000616",TRUE,"reported","igd",6,32658571,"C","T","HLA-DQB1",0.029506,1.53009,-0.188366,0.086539,0.336891,0.299262,0.33693
"49","rs2847500",417580,120114421,-0.0221293,1.14921e-13,0.00298138,"11","ebi-a-GCST90000616","A","G",0.123503,"Serum 25-Hydroxyvitamin D levels || id:ebi-a-GCST90000616",TRUE,"reported","igd",11,120243712,"G","A","POU2F3",0.00876718,2.05714,-0.314586,0.120025,0.148509,0.112108,0.148546
"50","rs293435",417580,69588052,-0.0176124,5.1027e-16,0.00217195,"4","ebi-a-GCST90000616","T","C",0.286268,"Serum 25-Hydroxyvitamin D levels || id:ebi-a-GCST90000616",TRUE,"reported","igd",4,68722334,"C","T","UGT2B15",0.388086,0.411072,-0.0716783,0.083048,0.408271,0.397399,0.408282
"51","rs2952289",417580,66464414,0.0175965,7.49376e-13,0.00245415,"17","ebi-a-GCST90000616","T","C",0.798032,"Serum 25-Hydroxyvitamin D levels || id:ebi-a-GCST90000616",TRUE,"reported","igd",17,68468273,"C","T","WIPI1",0.133229,0.875402,-0.160355,0.106797,0.820996,0.799003,0.821018
"52","rs33981819",417580,66079361,0.0115833,4.0911e-09,0.0019698,"11","ebi-a-GCST90000616","G","T",0.461016,"Serum 25-Hydroxyvitamin D levels || id:ebi-a-GCST90000616",TRUE,"reported","igd",11,66311890,"T","G","CD248",0.323741,0.489802,0.0803864,0.0814618,0.508507,0.52936,0.508485
"53","rs34284484",417580,55710231,-0.0118453,4.7504e-08,0.0021693,"13","ebi-a-GCST90000616","G","T",0.285599,"Serum 25-Hydroxyvitamin D levels || id:ebi-a-GCST90000616",TRUE,"reported","igd",13,55136096,"T","G","PRR20A",0.722219,0.141331,-0.0326147,0.0917444,0.267945,0.262376,0.267951
"54","rs34726834",417580,25889606,0.014763,8.24328e-11,0.00227261,"8","ebi-a-GCST90000616","T","C",0.251983,"Serum 25-Hydroxyvitamin D levels || id:ebi-a-GCST90000616",TRUE,"reported","igd",8,26032090,"C","T","EBF2",0.607901,0.216167,0.0456439,0.088962,0.295903,0.306931,0.295892
"55","rs34993776",417580,91441689,0.0160261,6.99037e-11,0.00245766,"10","ebi-a-GCST90000616","T","C",0.199204,"Serum 25-Hydroxyvitamin D levels || id:ebi-a-GCST90000616",TRUE,"reported","igd",10,89681932,"C","T","KIF20B",0.23935,0.620967,-0.106611,0.0906082,0.284139,0.264486,0.284159
"56","rs35408430",417580,17560195,-0.0215783,1.71514e-25,0.00206787,"1","ebi-a-GCST90000616","T","C",0.342194,"Serum 25-Hydroxyvitamin D levels || id:ebi-a-GCST90000616",TRUE,"reported","igd",1,17233700,"C","T","PADI1",0.39823,0.399866,0.0716767,0.084846,0.368002,0.385589,0.367983
"57","rs36037728",417580,71111987,-0.0581945,2.5038e-21,0.00613762,"11","ebi-a-GCST90000616","T","C",0.026185,"Serum 25-Hydroxyvitamin D levels || id:ebi-a-GCST90000616",TRUE,"reported","igd",11,71400941,"C","T","DHCR7",0.669754,0.174085,-0.128266,0.300751,0.0190893,0.0165728,0.0190919
"58","rs3745669",417580,11943852,-0.0127779,3.18919e-10,0.00203169,"19","ebi-a-GCST90000616","C","T",0.372058,"Serum 25-Hydroxyvitamin D levels || id:ebi-a-GCST90000616",TRUE,"reported","igd",19,11833037,"T","C","ZNF440",0.466958,0.330722,0.0627142,0.0862124,0.335348,0.346502,0.335336
"59","rs3814995",417580,36342212,-0.0125506,3.06302e-09,0.0021171,"19","ebi-a-GCST90000616","T","C",0.311595,"Serum 25-Hydroxyvitamin D levels || id:ebi-a-GCST90000616",TRUE,"reported","igd",19,35851310,"C","T","NPHS1",0.364228,0.438627,-0.077661,0.085592,0.362214,0.34515,0.362231
"60","rs3890624",417580,166251068,0.0115865,1.32215e-08,0.00203874,"4","ebi-a-GCST90000616","G","A",0.395078,"Serum 25-Hydroxyvitamin D levels || id:ebi-a-GCST90000616",TRUE,"reported","igd",4,165329916,"A","G","MSMO1",0.709686,0.148934,-0.0320631,0.0861264,0.350157,0.339267,0.350169
"61","rs4121823",417580,47144223,-0.0185463,1.2042e-11,0.00273556,"18","ebi-a-GCST90000616","A","T",0.845333,"Serum 25-Hydroxyvitamin D levels || id:ebi-a-GCST90000616",TRUE,"reported","igd",18,49617853,"T","A","LIPG",0.463434,0.334012,0.0822299,0.112152,0.837967,0.852191,0.837952
"62","rs41301394",417580,75612803,0.0120574,3.18654e-08,0.00218002,"7","ebi-a-GCST90000616","T","C",0.281812,"Serum 25-Hydroxyvitamin D levels || id:ebi-a-GCST90000616",TRUE,"reported","igd",7,75983485,"C","T","POR",0.0525533,1.2794,-0.16191,0.0835202,0.38678,0.350379,0.386818
"63","rs429358",417580,45411941,-0.0220845,5.56801e-16,0.00272701,"19","ebi-a-GCST90000616","C","T",0.152471,"Serum 25-Hydroxyvitamin D levels || id:ebi-a-GCST90000616",TRUE,"reported","igd",19,44908684,"T","C","APOE",0.122883,0.910509,0.162311,0.105207,0.181926,0.207869,0.181899
"64","rs4364259",417580,15892159,0.0164171,2.88005e-11,0.00246779,"4","ebi-a-GCST90000616","A","G",0.202148,"Serum 25-Hydroxyvitamin D levels || id:ebi-a-GCST90000616",TRUE,"reported","igd",4,15890536,"G","A","CD38",0.783029,0.106222,-0.027282,0.0990723,0.220888,0.214877,0.220894
"65","rs4418728",417580,94839724,0.0120188,1.04607e-09,0.00196957,"10","ebi-a-GCST90000616","T","G",0.451688,"Serum 25-Hydroxyvitamin D levels || id:ebi-a-GCST90000616",TRUE,"reported","igd",10,93079967,"G","T","CYP26A1",0.64988,0.187167,-0.0370339,0.0815854,0.469219,0.458151,0.469231
"66","rs4616820",417580,57745481,-0.0123381,5.30029e-10,0.00198682,"4","ebi-a-GCST90000616","T","C",0.464954,"Serum 25-Hydroxyvitamin D levels || id:ebi-a-GCST90000616",TRUE,"reported","igd",4,56879315,"C","T","REST",0.223019,0.651658,0.0997784,0.0818836,0.443508,0.468647,0.443482
"67","rs512083",417580,46027355,0.0117619,2.63888e-09,0.00197592,"1","ebi-a-GCST90000616","C","T",0.460815,"Serum 25-Hydroxyvitamin D levels || id:ebi-a-GCST90000616",TRUE,"reported","igd",1,45561683,"T","C","AKR1A1",0.616381,0.210151,-0.040782,0.0814034,0.487717,0.478943,0.487726
"68","rs55707527",417580,41769113,0.0147759,5.26781e-10,0.00237903,"1","ebi-a-GCST90000616","T","G",0.219948,"Serum 25-Hydroxyvitamin D levels || id:ebi-a-GCST90000616",TRUE,"reported","igd",1,41303441,"G","T","FOXO6",0.634277,0.197721,-0.0468544,0.0984925,0.219319,0.211221,0.219328
"69","rs57459725",417580,61312205,-0.0171173,3.42839e-09,0.00289651,"8","ebi-a-GCST90000616","G","C",0.1329,"Serum 25-Hydroxyvitamin D levels || id:ebi-a-GCST90000616",TRUE,"reported","igd",8,60399646,"C","G","RAB2A",0.913073,0.0394943,-0.011736,0.107509,0.171823,0.171695,0.171823
"70","rs575976",417580,75437630,0.0155838,1.05726e-09,0.00255451,"11","ebi-a-GCST90000616","G","A",0.181981,"Serum 25-Hydroxyvitamin D levels || id:ebi-a-GCST90000616",TRUE,"reported","igd",11,75726585,"A","G","MOGAT2",0.721777,0.141597,-0.0315031,0.0884707,0.304477,0.300019,0.304482
"71","rs5771043",417580,50867268,-0.0123395,3.46274e-09,0.0020886,"22","ebi-a-GCST90000616","A","G",0.327884,"Serum 25-Hydroxyvitamin D levels || id:ebi-a-GCST90000616",TRUE,"reported","igd",22,50428839,"G","A","PPP6R2",0.690788,0.160655,-0.0329487,0.0828304,0.403963,0.397638,0.403969
"72","rs58387006",417580,32579999,-0.0135048,1.08911e-08,0.00236253,"2","ebi-a-GCST90000616","C","A",0.22182,"Serum 25-Hydroxyvitamin D levels || id:ebi-a-GCST90000616",TRUE,"reported","igd",2,32354931,"A","C","BIRC6",0.910489,0.0407251,0.010917,0.0971078,0.230974,0.231049,0.230974
"73","rs6003465",417580,23365501,-0.0121022,7.11951e-09,0.00209089,"22","ebi-a-GCST90000616","C","T",0.331994,"Serum 25-Hydroxyvitamin D levels || id:ebi-a-GCST90000616",TRUE,"reported","igd",22,23023333,"T","C","RSPH14",0.0899001,1.04624,0.155618,0.0917598,0.271091,0.299935,0.271061
"74","rs61816766",417580,152319572,0.08652,3.0486e-49,0.00586552,"1","ebi-a-GCST90000616","C","T",0.029104,"Serum 25-Hydroxyvitamin D levels || id:ebi-a-GCST90000616",TRUE,"reported","igd",1,152347096,"T","C","FLG2",0.0988599,1.00498,0.787655,0.477248,0.0079254,0.0132401,0.0079199
"75","rs62007299",417580,77711719,-0.011876,4.19585e-08,0.0021662,"15","ebi-a-GCST90000616","A","G",0.712537,"Serum 25-Hydroxyvitamin D levels || id:ebi-a-GCST90000616",TRUE,"reported","igd",15,77419377,"G","A","PEAK1",0.809201,0.0919436,-0.0209293,0.0866794,0.675436,0.666667,0.675445
"76","rs62012775",417580,63871274,-0.0159691,5.79055e-10,0.00257731,"15","ebi-a-GCST90000616","T","A",0.175942,"Serum 25-Hydroxyvitamin D levels || id:ebi-a-GCST90000616",TRUE,"reported","igd",15,63579075,"A","T","USP3",0.822304,0.0849678,0.0215332,0.095881,0.234232,0.239766,0.234226
"77","rs62115743",417580,51514874,0.0268038,1.23994e-13,0.00361606,"19","ebi-a-GCST90000616","T","C",0.081544,"Serum 25-Hydroxyvitamin D levels || id:ebi-a-GCST90000616",TRUE,"reported","igd",19,51011618,"C","T","KLK10",0.354282,0.450651,-0.125102,0.135053,0.100091,0.0909273,0.1001
"78","rs62318873",417580,72745430,0.0538922,1.93108e-30,0.00469974,"4","ebi-a-GCST90000616","T","C",0.046647,"Serum 25-Hydroxyvitamin D levels || id:ebi-a-GCST90000616",TRUE,"reported","igd",4,71879713,"C","T","GC",0.60258,0.219985,-0.112994,0.217006,0.037102,0.0331716,0.0371061
"79","rs6438900",417580,125148287,0.013338,3.52882e-09,0.00225881,"3","ebi-a-GCST90000616","G","C",0.258009,"Serum 25-Hydroxyvitamin D levels || id:ebi-a-GCST90000616",TRUE,"reported","igd",3,125429443,"C","G","SNX4",0.110899,0.955073,-0.141242,0.0885995,0.306211,0.279001,0.306239
"80","rs6547409",417580,21190209,0.0275138,1.19157e-09,0.00452427,"2","ebi-a-GCST90000616","T","C",0.049783,"Serum 25-Hydroxyvitamin D levels || id:ebi-a-GCST90000616",TRUE,"reported","igd",2,20967337,"C","T","APOB",0.247549,0.606339,-0.176628,0.15275,0.0770171,0.0642853,0.0770302
"81","rs6671730",417580,2339139,-0.0148007,7.75711e-14,0.0019802,"1","ebi-a-GCST90000616","A","G",0.434286,"Serum 25-Hydroxyvitamin D levels || id:ebi-a-GCST90000616",TRUE,"reported","igd",1,2407700,"G","A","PEX10",0.36326,0.439782,-0.073996,0.0813886,0.487227,0.469423,0.487246
"82","rs6672758",417580,230303512,0.0164256,2.97509e-11,0.00247083,"1","ebi-a-GCST90000616","T","C",0.800872,"Serum 25-Hydroxyvitamin D levels || id:ebi-a-GCST90000616",TRUE,"reported","igd",1,230167766,"C","T","GALNT2",0.0713263,1.14675,-0.167523,0.0928933,0.741048,0.709306,0.741081
"83","rs6724965",417580,101440151,-0.0168614,8.76193e-11,0.0025993,"2","ebi-a-GCST90000616","G","A",0.171481,"Serum 25-Hydroxyvitamin D levels || id:ebi-a-GCST90000616",TRUE,"reported","igd",2,100823689,"A","G","NPAS2",0.163085,0.787586,-0.138316,0.0991673,0.212705,0.189698,0.212729
"84","rs6782190",417580,85639672,-0.0189783,2.31579e-20,0.00205245,"3","ebi-a-GCST90000616","A","G",0.647512,"Serum 25-Hydroxyvitamin D levels || id:ebi-a-GCST90000616",TRUE,"reported","igd",3,85590522,"G","A","CADM2",0.958195,0.0185461,0.00480946,0.0917506,0.72778,0.730137,0.727777
"85","rs6834488",417580,88178919,-0.0144983,3.25612e-13,0.00199061,"4","ebi-a-GCST90000616","T","C",0.423718,"Serum 25-Hydroxyvitamin D levels || id:ebi-a-GCST90000616",TRUE,"reported","igd",4,87257767,"C","T","KLHL8",0.975802,0.0106381,-0.00263831,0.0869817,0.326671,0.323452,0.326674
"86","rs700065",417580,125833669,-0.0184958,6.60237e-11,0.00283268,"9","ebi-a-GCST90000616","T","G",0.860742,"Serum 25-Hydroxyvitamin D levels || id:ebi-a-GCST90000616",TRUE,"reported","igd",9,123071390,"G","T","RABGAP1",0.073215,1.1354,0.192482,0.107443,0.829993,0.854785,0.829967
"87","rs7128011",417580,14462532,-0.0750035,1e-200,0.00204472,"11","ebi-a-GCST90000616","A","G",0.368161,"Serum 25-Hydroxyvitamin D levels || id:ebi-a-GCST90000616",TRUE,"reported","igd",11,14440986,"G","A","COPB1",0.628472,0.201714,-0.0411609,0.0850646,0.353474,0.343286,0.353484
"88","rs71297391",417580,52376773,0.0249183,4.83994e-08,0.00456623,"3","ebi-a-GCST90000616","T","C",0.048274,"Serum 25-Hydroxyvitamin D levels || id:ebi-a-GCST90000616",TRUE,"reported","igd",3,52342757,"C","T","DNAH1",0.167715,0.775429,-0.304845,0.220968,0.0356748,0.0247719,0.0356861
"89","rs727857",417580,58981967,-0.0114596,1.656e-08,0.00203019,"2","ebi-a-GCST90000616","A","G",0.611489,"Serum 25-Hydroxyvitamin D levels || id:ebi-a-GCST90000616",TRUE,"reported","igd",2,58754832,"G","A","FANCL",0.0506582,1.29535,0.159824,0.081778,0.537127,0.572465,0.53709
"90","rs72834856",417580,22801858,-0.0236277,4.65683e-10,0.00379241,"6","ebi-a-GCST90000616","G","T",0.072064,"Serum 25-Hydroxyvitamin D levels || id:ebi-a-GCST90000616",TRUE,"reported","igd",6,22801629,"T","G","HDGFL1",0.0529078,1.27648,-0.326854,0.168858,0.063318,0.0441015,0.0633378
"91","rs73413596",417580,111582630,0.0229711,1.08014e-09,0.00376755,"12","ebi-a-GCST90000616","C","T",0.073854,"Serum 25-Hydroxyvitamin D levels || id:ebi-a-GCST90000616",TRUE,"reported","igd",12,111144826,"T","C","CUX2",0.803945,0.0947736,-0.0433498,0.174625,0.0584602,0.0551932,0.0584636
"92","rs7528419",417580,109817192,0.0200051,1.74904e-17,0.00235095,"1","ebi-a-GCST90000616","G","A",0.224671,"Serum 25-Hydroxyvitamin D levels || id:ebi-a-GCST90000616",TRUE,"reported","igd",1,109274570,"A","G","CELSR2",0.663494,0.178163,-0.0431181,0.0991005,0.214991,0.207921,0.214999
"93","rs7569755",417580,118648261,0.0134773,6.14611e-10,0.00217845,"2","ebi-a-GCST90000616","A","G",0.29058,"Serum 25-Hydroxyvitamin D levels || id:ebi-a-GCST90000616",TRUE,"reported","igd",2,117890685,"G","A","CCDC93",0.512394,0.290396,0.0652927,0.0996661,0.215803,0.224429,0.215795
"94","rs75765985",417580,72375333,0.0527492,9.21722e-12,0.00773651,"4","ebi-a-GCST90000616","A","G",0.016497,"Serum 25-Hydroxyvitamin D levels || id:ebi-a-GCST90000616",TRUE,"reported","igd",4,71509616,"G","A","SLC4A4",0.0942562,1.02569,-0.485789,0.290307,0.0205531,0.0110335,0.020563
"95","rs77037130",417580,14467795,-0.0672943,4.05695e-17,0.00800051,"11","ebi-a-GCST90000616","A","G",0.015228,"Serum 25-Hydroxyvitamin D levels || id:ebi-a-GCST90000616",TRUE,"reported","igd",11,14446249,"G","A","COPB1",0.649344,0.187525,-0.147476,0.324355,0.0157392,0.013939,0.015741
"96","rs77924615",417580,20392332,-0.0152505,1.28419e-09,0.0025127,"16","ebi-a-GCST90000616","A","G",0.193485,"Serum 25-Hydroxyvitamin D levels || id:ebi-a-GCST90000616",TRUE,"reported","igd",16,20381010,"G","A","PDILT",0.750893,0.124422,0.0313383,0.0987149,0.223376,0.226066,0.223373
"97","rs78649910",417580,3482213,-0.0198588,5.61113e-10,0.00320252,"4","ebi-a-GCST90000616","A","T",0.106179,"Serum 25-Hydroxyvitamin D levels || id:ebi-a-GCST90000616",TRUE,"reported","igd",4,3480486,"T","A","DOK7",0.181766,0.740487,0.166693,0.124832,0.120992,0.139869,0.120972
"98","rs8018720",417580,39556185,-0.0379615,2.11154e-49,0.00256924,"14","ebi-a-GCST90000616","C","G",0.823327,"Serum 25-Hydroxyvitamin D levels || id:ebi-a-GCST90000616",TRUE,"reported","igd",14,39086981,"G","C","SEC23A",0.367148,0.435159,0.104221,0.115566,0.850146,0.867637,0.850127
"99","rs80204526",417580,47066144,-0.0525662,3.90616e-08,0.00956611,"18","ebi-a-GCST90000616","A","C",0.010629,"Serum 25-Hydroxyvitamin D levels || id:ebi-a-GCST90000616",TRUE,"reported","igd",18,49539774,"C","A","LIPG",0.250965,0.600386,-0.679373,0.591785,0.00509576,0.00165017,0.00509932
"100","rs804281",417580,11611865,0.0152639,1.74582e-14,0.00199057,"8","ebi-a-GCST90000616","G","A",0.583605,"Serum 25-Hydroxyvitamin D levels || id:ebi-a-GCST90000616",TRUE,"reported","igd",8,11754356,"A","G","GATA4",0.784189,0.105579,-0.024267,0.0886094,0.684429,0.686456,0.684427
"101","rs8063565",417580,30883965,0.0130823,3.65216e-09,0.00221764,"16","ebi-a-GCST90000616","C","G",0.733582,"Serum 25-Hydroxyvitamin D levels || id:ebi-a-GCST90000616",TRUE,"reported","igd",16,30872644,"G","C","BCL7C",0.929003,0.0319829,0.00798736,0.0896456,0.709681,0.712852,0.709678
"102","rs8091117",417580,28919794,-0.0256002,1.09388e-10,0.00396694,"18","ebi-a-GCST90000616","A","C",0.065298,"Serum 25-Hydroxyvitamin D levels || id:ebi-a-GCST90000616",TRUE,"reported","igd",18,31339831,"C","A","DSG1",0.277896,0.556118,0.165246,0.152292,0.0785091,0.0894195,0.0784979
"103","rs8107974",417580,19388500,0.0385453,1.84162e-25,0.00369622,"19","ebi-a-GCST90000616","T","A",0.076243,"Serum 25-Hydroxyvitamin D levels || id:ebi-a-GCST90000616",TRUE,"reported","igd",19,19277691,"A","T","SUGP1",0.837283,0.0771279,-0.0343469,0.167243,0.0648349,0.0610561,0.0648388
"104","rs8121940",417580,52742306,-0.0377054,1.88278e-52,0.00247391,"20","ebi-a-GCST90000616","G","C",0.195249,"Serum 25-Hydroxyvitamin D levels || id:ebi-a-GCST90000616",TRUE,"reported","igd",20,54125767,"C","G","CYP24A1",0.0113347,1.94559,0.226952,0.089626,0.233728,0.279085,0.233681
"105","rs8123293",417580,52718555,0.028362,5.188e-20,0.00309628,"20","ebi-a-GCST90000616","G","A",0.11305,"Serum 25-Hydroxyvitamin D levels || id:ebi-a-GCST90000616",TRUE,"reported","igd",20,54102016,"A","G","BCAS1",0.0305295,1.51528,-0.227471,0.105157,0.184657,0.151414,0.184692
"106","rs9476310",417580,57767576,0.0116428,3.44937e-09,0.00197047,"6","ebi-a-GCST90000616","T","C",0.511363,"Serum 25-Hydroxyvitamin D levels || id:ebi-a-GCST90000616",TRUE,"reported","igd",6,60799829,"C","T","AL356135.1",0.947114,0.0235976,-0.00542159,0.0817352,0.552357,0.5512,0.552358
"107","rs9490317",417580,121859499,0.0110474,2.45912e-08,0.0019812,"6","ebi-a-GCST90000616","C","T",0.445894,"Serum 25-Hydroxyvitamin D levels || id:ebi-a-GCST90000616",TRUE,"reported","igd",6,121538353,"T","C","GJA1",0.422757,0.373909,-0.065537,0.081753,0.463773,0.447971,0.46379
"108","rs964184",417580,116648917,0.0432954,2.03283e-50,0.00289945,"11","ebi-a-GCST90000616","C","G",0.868376,"Serum 25-Hydroxyvitamin D levels || id:ebi-a-GCST90000616",TRUE,"reported","igd",11,116778201,"G","C","ZPR1",0.384635,0.414951,-0.100764,0.115902,0.854977,0.843234,0.85499
"109","rs9861009",417580,141654685,0.0146893,3.57355e-11,0.00221867,"3","ebi-a-GCST90000616","C","T",0.727515,"Serum 25-Hydroxyvitamin D levels || id:ebi-a-GCST90000616",TRUE,"reported","igd",3,141935843,"T","C","TFDP2",0.261157,0.583098,-0.10472,0.0931955,0.740792,0.721491,0.740812
